{
  "r1_down": false,
  "r2_last_alert": 1772697519.7418253,
  "r2_down_since": 1772697519.7418253,
  "r2_down": true
}