{
  "r1_down": true,
  "r2_last_alert": 1774673110.3724396,
  "r2_down_since": null,
  "r2_down": false,
  "r1_last_alert": 1774694409.9715989,
  "r1_down_since": 1774694409.9715989
}