{
  "r1_down": false,
  "r2_last_alert": 1772696292.9578123,
  "r2_down_since": 1772696292.9578123,
  "r2_down": true
}