{
  "r1_down": false,
  "r2_last_alert": 1779101112.5419343,
  "r2_down_since": 1779101112.5419343,
  "r2_down": true,
  "r1_last_alert": 1777714215.1424408,
  "r1_down_since": null
}