{
  "r1_down": true,
  "r2_last_alert": 1775535311.6992335,
  "r2_down_since": null,
  "r2_down": false,
  "r1_last_alert": 1775984423.1197112,
  "r1_down_since": 1775984423.1197112
}