{
  "r1_down": false,
  "r2_last_alert": 1782615910.7150073,
  "r2_down_since": null,
  "r2_down": false,
  "r1_last_alert": 1782124813.2291975,
  "r1_down_since": null
}