{
  "r1_down": false,
  "r2_last_alert": 1778051411.484641,
  "r2_down_since": null,
  "r2_down": false,
  "r1_last_alert": 1777714215.1424408,
  "r1_down_since": null
}