{
  "r1_down": true,
  "r2_last_alert": 1782617416.5772648,
  "r2_down_since": null,
  "r2_down": false,
  "r1_last_alert": 1783008032.2504528,
  "r1_down_since": 1782979228.8079102
}