{
  "r1_down": false,
  "r2_last_alert": 1775453413.140974,
  "r2_down_since": null,
  "r2_down": false,
  "r1_last_alert": 1774846210.1274471,
  "r1_down_since": null
}