{
  "r1_down": true,
  "r2_last_alert": 1781378418.6521232,
  "r2_down_since": null,
  "r2_down": false,
  "r1_last_alert": 1782090020.3025603,
  "r1_down_since": 1782090020.3025603
}