{
  "r1_down": true,
  "r2_last_alert": 1775535013.6228914,
  "r2_down_since": 1775535013.6228914,
  "r2_down": true,
  "r1_last_alert": 1775535013.6228914,
  "r1_down_since": 1775535013.6228914
}