{
  "r1_down": false,
  "r2_last_alert": 1779516911.789393,
  "r2_down_since": 1779513010.5218878,
  "r2_down": true,
  "r1_last_alert": 1779176113.5332236,
  "r1_down_since": null
}