{
  "r1_down": false,
  "r2_last_alert": 1772694793.5750732,
  "r2_down_since": 1772694793.5750732,
  "r2_down": true
}