{
  "r1_down": false,
  "r2_last_alert": 1774673110.3724396,
  "r2_down_since": null,
  "r2_down": false,
  "r1_last_alert": 1774831209.6502771,
  "r1_down_since": null
}