{
  "r1_down": true,
  "r2_last_alert": 1772698648.1800916,
  "r2_down_since": null,
  "r2_down": false,
  "r1_last_alert": 1772955308.4252272,
  "r1_down_since": 1772955308.4252272
}