{
  "r1_down": false,
  "r2_last_alert": 1781374218.0766923,
  "r2_down_since": 1781347817.589192,
  "r2_down": true,
  "r1_last_alert": 1779176113.5332236,
  "r1_down_since": null
}