{
  "r1_down": true,
  "r2_last_alert": 1777466720.6479557,
  "r2_down_since": null,
  "r2_down": false,
  "r1_last_alert": 1777713909.0322895,
  "r1_down_since": 1777713909.0322895
}