{
  "r1_down": false,
  "r2_last_alert": 1772698648.1800916,
  "r2_down_since": null,
  "r2_down": false,
  "r1_last_alert": 1774424108.800365,
  "r1_down_since": null
}