{
  "r1_down": false,
  "r2_last_alert": 1777466720.6479557,
  "r2_down_since": null,
  "r2_down": false,
  "r1_last_alert": 1775984710.908576,
  "r1_down_since": null
}